Empresa,Ticker,Cotação,EV/EBIT,M.EBIT,Volume Médio,Situação Judicial
ALLIAR,AALR3,11.19,75.52,"2,55%",7820000.0,FASE OPERACIONAL
AMBEV S/A,ABEV3,17.61,15.57,"27,05%",347200000.0,FASE OPERACIONAL
AERIS,AERI3,8.3,31.0,"8,71%",37410000.0,FASE OPERACIONAL
AES BRASIL,AESB3,14.65,,,10150000.0,FASE OPERACIONAL
AFLUENTE T,AFLT3,9.25,27.97,"54,72%",18210.0,FASE OPERACIONAL
BRASILAGRO,AGRO3,30.67,7.81,"34,26%",26770000.0,FASE OPERACIONAL
SPTURIS,AHEB3,20.0,-4.85,"-17,42%",3600.0,FASE OPERACIONAL
SPTURIS,AHEB5,19.0,-4.85,"-17,42%",27454.0,FASE OPERACIONAL
SPTURIS,AHEB6,30.0,-4.85,"-17,42%",35692.0,FASE OPERACIONAL
ALLIED,ALLD3,18.79,5.77,"6,39%",832240.0,FASE OPERACIONAL
ALPARGATAS,ALPA3,39.66,53.83,"12,57%",152640.0,FASE OPERACIONAL
ALPARGATAS,ALPA4,45.38,53.83,"12,57%",63490000.0,FASE OPERACIONAL
ESTAPAR,ALPK3,8.23,-107.41,"-4,96%",320830.0,FASE OPERACIONAL
ALIANSCSONAE,ALSO3,28.31,35.03,"30,24%",37970000.0,FASE OPERACIONAL
ALUPAR,ALUP11,26.66,4.03,"57,88%",23380000.0,FASE OPERACIONAL
ALUPAR,ALUP3,8.79,4.03,"57,88%",157930.0,FASE OPERACIONAL
ALUPAR,ALUP4,8.9,4.03,"57,88%",216200.0,FASE OPERACIONAL
LOJAS MARISA,AMAR3,6.59,-12.17,"-12,13%",32980000.0,FASE OPERACIONAL
AMBIPAR,AMBP3,28.17,19.94,"18,24%",9800000.0,FASE OPERACIONAL
ANIMA,ANIM3,11.99,26.09,"12,99%",27080000.0,FASE OPERACIONAL
ALPER S.A.,APER3,49.85,-227.62,"-3,21%",4810000.0,FASE PRÉ-OPERACIONAL
AREZZO CO,ARZZ3,84.84,91.77,"5,79%",51910000.0,FASE OPERACIONAL
ASSAI,ASAI3,86.2,12.56,"5,91%",131790000.0,FASE OPERACIONAL
ATMASA,ATMP3,10.1,-5.13,"-10,47%",1580000.0,FASE OPERACIONAL
ATOMPAR,ATOM3,8.4,12.52,"35,35%",3540000.0,FASE OPERACIONAL
ALPHAVILLE,AVLL3,25.9,-4.74,"-102,43%",187800.0,FASE OPERACIONAL
AZEVEDO,AZEV3,6.86,0.72,"601,47%",809510.0,FASE OPERACIONAL
AZEVEDO,AZEV4,5.2,0.72,"601,47%",1480000.0,FASE OPERACIONAL
AZUL,AZUL4,40.98,-10.58,"-37,84%",276420000.0,FASE OPERACIONAL
B3,B3SA3,17.35,4.46,"61,43%",788100000.0,FASE OPERACIONAL
BAHEMA,BAHI3,72.0,-10.76,"-4,94%",48600.0,FASE OPERACIONAL
BAUMER,BALM3,18.06,7.66,"11,93%",31440.0,FASE OPERACIONAL
BAUMER,BALM4,16.1,7.66,"11,93%",45600.0,FASE OPERACIONAL
EXCELSIOR,BAUH4,86.0,8.62,"11,40%",80320.0,FASE OPERACIONAL
BR BROKERS,BBRK3,1.78,-0.94,"-101,08%",1910000.0,FASE OPERACIONAL
BARDELLA,BDLL3,10.85,-4.4,"-353,49%",134030.0,EM RECUPERAÇÃO JUDICIAL OU EQUIVALENTE
BARDELLA,BDLL4,10.23,-4.4,"-353,49%",103060.0,EM RECUPERAÇÃO JUDICIAL OU EQUIVALENTE
MINERVA,BEEF3,9.66,5.67,"8,97%",106110000.0,FASE OPERACIONAL
BIOMM,BIOM3,15.8,-19.98,"-92,41%",296850.0,FASE PRÉ-OPERACIONAL
BK BRASIL,BKBR3,10.5,-7.02,"-20,55%",25800000.0,FASE OPERACIONAL
BLAU,BLAU3,42.39,17.95,"34,52%",7250000.0,FASE OPERACIONAL
BIC MONARK,BMKS3,240.0,-18.83,"8,31%",16780.0,FASE OPERACIONAL
BEMOBI TECH,BMOB3,22.58,10.77,"34,97%",30030000.0,FASE OPERACIONAL
BOA VISTA,BOAS3,11.2,78.86,"11,91%",11780000.0,FASE OPERACIONAL
BOMBRIL,BOBR4,2.39,9.9,"6,49%",350510.0,FASE OPERACIONAL
BRADESPAR,BRAP3,61.3,7.11,,3240000.0,FASE OPERACIONAL
BRADESPAR,BRAP4,70.12,7.11,,190140000.0,FASE OPERACIONAL
PETROBRAS BR,BRDT3,25.58,7.23,"5,72%",208460000.0,FASE OPERACIONAL
BRF SA,BRFS3,26.93,12.65,"7,10%",230540000.0,FASE OPERACIONAL
BRASKEM,BRKM3,50.7,10.53,"9,17%",1390000.0,FASE OPERACIONAL
BRASKEM,BRKM5,50.82,10.53,"9,17%",169680000.0,FASE OPERACIONAL
BRASKEM,BRKM6,39.0,10.53,"9,17%",7670.0,FASE OPERACIONAL
BR MALLS PAR,BRML3,10.85,-33.7,"-40,70%",163040000.0,FASE OPERACIONAL
BR PROPERT,BRPR3,8.95,17.95,"108,20%",14730000.0,FASE OPERACIONAL
B2W DIGITAL,BTOW3,56.0,228.09,"1,12%",278660000.0,FASE OPERACIONAL
BATTISTELLA,BTTL3,15.01,4.68,"9,15%",113900.0,FASE OPERACIONAL
CAMBUCI,CAMB3,5.04,24.46,"7,73%",454160.0,FASE OPERACIONAL
CAMIL,CAML3,9.64,7.74,"8,33%",15470000.0,FASE OPERACIONAL
CSU CARDSYST,CARD3,23.89,13.83,"16,35%",7140000.0,FASE OPERACIONAL
MELIUZ,CASH3,34.41,124.98,"18,59%",79230000.0,FASE OPERACIONAL
AMPLA ENERG,CBEE3,23.45,32.42,"3,90%",88640.0,FASE OPERACIONAL
CYRE COM-CCP,CCPR3,12.49,12.77,"48,94%",5340000.0,FASE OPERACIONAL
CCR SA,CCRO3,13.64,13.94,"26,87%",166090000.0,FASE OPERACIONAL
CEA MODAS,CEAB3,13.74,-15.58,"-7,30%",27400000.0,FASE OPERACIONAL
CEB,CEBR3,185.0,0.08,"706,26%",598140.0,FASE OPERACIONAL
CEB,CEBR5,187.0,0.08,"706,26%",98760.0,FASE OPERACIONAL
CEB,CEBR6,187.0,0.08,"706,26%",243270.0,FASE OPERACIONAL
CEDRO,CEDO3,9.82,32.42,"1,33%",30590.0,FASE OPERACIONAL
CEDRO,CEDO4,6.45,32.42,"1,33%",179730.0,FASE OPERACIONAL
COELBA,CEEB3,39.9,8.14,"16,01%",46290.0,FASE OPERACIONAL
CEEE-D,CEED3,58.1,-2.68,"-15,81%",20470.0,FASE OPERACIONAL
CEEE-D,CEED4,53.0,-2.68,"-15,81%",2080.0,FASE OPERACIONAL
CEG,CEGR3,60.1,28.28,"18,62%",43880.0,FASE OPERACIONAL
CELPE,CEPE5,26.88,22.49,"8,40%",24670.0,FASE OPERACIONAL
CELPE,CEPE6,28.5,22.49,"8,40%",4860.0,FASE OPERACIONAL
CESP,CESP3,28.5,10.15,"47,26%",345270.0,FASE OPERACIONAL
CESP,CESP5,34.38,10.15,"47,26%",26690.0,FASE OPERACIONAL
CESP,CESP6,25.16,10.15,"47,26%",63630000.0,FASE OPERACIONAL
COMGAS,CGAS3,141.0,12.77,"22,78%",14850.0,FASE OPERACIONAL
COMGAS,CGAS5,160.52,12.77,"22,78%",318320.0,FASE OPERACIONAL
GRAZZIOTIN,CGRA3,33.5,5.99,"18,83%",46330.0,FASE OPERACIONAL
GRAZZIOTIN,CGRA4,33.0,5.99,"18,83%",662610.0,FASE OPERACIONAL
CIELO,CIEL3,3.82,-159.72,"-0,58%",109660000.0,FASE OPERACIONAL
CELESC,CLSC3,72.0,4.83,"8,09%",12890.0,FASE OPERACIONAL
CELESC,CLSC4,66.01,4.83,"8,09%",372780.0,FASE OPERACIONAL
CEMIG,CMIG3,15.68,5.68,"21,92%",10010000.0,FASE OPERACIONAL
CEMIG,CMIG4,13.12,5.68,"21,92%",121860000.0,FASE OPERACIONAL
CSNMINERACAO,CMIN3,9.23,5.24,"51,90%",88480000.0,FASE OPERACIONAL
COELCE,COCE3,70.84,20.06,"6,40%",2150.0,FASE OPERACIONAL
COELCE,COCE5,57.86,20.06,"6,40%",1130000.0,FASE OPERACIONAL
COGNA ON,COGN3,3.92,-4.07,"-66,97%",184100000.0,FASE OPERACIONAL
COR RIBEIRO,CORR4,82.0,-2.48,"29,14%",0.0,FASE OPERACIONAL
CPFL ENERGIA,CPFE3,28.8,8.75,"16,88%",73980000.0,FASE OPERACIONAL
COPEL,CPLE11,29.64,5.1,"22,77%",8250000.0,FASE OPERACIONAL
COPEL,CPLE3,5.48,5.1,"22,77%",12840000.0,FASE OPERACIONAL
COPEL,CPLE6,6.08,5.1,"22,77%",82110000.0,FASE OPERACIONAL
CR2,CRDE3,24.94,-2.74,"-749,69%",13080.0,FASE OPERACIONAL
CARREFOUR BR,CRFB3,21.2,10.16,"6,80%",89610000.0,FASE OPERACIONAL
CRISTAL,CRPG3,62.03,8.1,"23,70%",2780.0,FASE OPERACIONAL
CRISTAL,CRPG5,70.0,8.1,"23,70%",934080.0,FASE OPERACIONAL
CRISTAL,CRPG6,67.99,8.1,"23,70%",171090.0,FASE OPERACIONAL
COSAN,CSAN3,21.91,15.26,"18,70%",257980000.0,FASE OPERACIONAL
CRUZEIRO EDU,CSED3,13.25,22.62,"12,53%",7240000.0,FASE OPERACIONAL
COPASA,CSMG3,17.51,7.09,"24,20%",39890000.0,FASE OPERACIONAL
SID NACIONAL,CSNA3,45.7,6.2,"34,92%",586220000.0,FASE OPERACIONAL
COSERN,CSRN3,16.1,8.62,"17,04%",34740.0,FASE OPERACIONAL
COSERN,CSRN5,16.86,8.62,"17,04%",10830.0,FASE OPERACIONAL
COSERN,CSRN6,16.0,8.62,"17,04%",9250.0,FASE OPERACIONAL
KARSTEN,CTKA3,31.5,8.4,"20,24%",16530.0,FASE OPERACIONAL
KARSTEN,CTKA4,26.27,8.4,"20,24%",88070.0,FASE OPERACIONAL
COTEMINAS,CTNM3,11.6,17.55,"4,23%",5610.0,FASE OPERACIONAL
COTEMINAS,CTNM4,6.19,17.55,"4,23%",162000.0,FASE OPERACIONAL
SANTANENSE,CTSA3,2.54,26.61,"3,61%",164370.0,FASE OPERACIONAL
SANTANENSE,CTSA4,2.1,26.61,"3,61%",92030.0,FASE OPERACIONAL
CURY S/A,CURY3,9.41,9.83,"20,98%",9590000.0,FASE OPERACIONAL
CVC BRASIL,CVCB3,23.57,-7.25,"-181,31%",132080000.0,FASE OPERACIONAL
CYRELA REALT,CYRE3,21.95,4.06,"58,05%",155700000.0,FASE OPERACIONAL
DASA,DASA3,59.4,179.83,"2,55%",12820000.0,FASE OPERACIONAL
DIRECIONAL,DIRR3,12.88,8.42,"15,49%",16900000.0,FASE OPERACIONAL
DOMMO,DMMO3,0.88,2.24,"41,09%",8350000.0,EM RECUPERAÇÃO JUDICIAL OU EQUIVALENTE
D1000VFARMA,DMVF3,8.91,0.0586379,"0,01%",2640000.0,FASE OPERACIONAL
DOHLER,DOHL3,26.8,17.23,"15,62%",10280.0,FASE OPERACIONAL
DOHLER,DOHL4,6.18,17.23,"15,62%",119110.0,FASE OPERACIONAL
DTCOM-DIRECT,DTCY3,10.02,-213.48,"-4,06%",69070.0,FASE OPERACIONAL
DURATEX,DTEX3,22.2,20.62,"12,88%",49620000.0,FASE OPERACIONAL
ACO ALTONA,EALT3,15.3,8.58,"12,86%",148450.0,FASE OPERACIONAL
ACO ALTONA,EALT4,6.45,8.58,"12,86%",398570.0,FASE OPERACIONAL
ECORODOVIAS,ECOR3,12.26,15.73,"21,84%",50310000.0,FASE OPERACIONAL
CEEE-GT,EEEL3,520.0,8.81,"42,80%",4030.0,FASE OPERACIONAL
CEEE-GT,EEEL4,600.0,8.81,"42,80%",0.0,FASE OPERACIONAL
ENGIE BRASIL,EGIE3,40.35,7.85,"46,31%",72210000.0,FASE OPERACIONAL
ELEKTRO,EKTR3,33.05,8.79,"14,51%",1130.0,FASE OPERACIONAL
ELEKTRO,EKTR4,25.55,8.79,"14,51%",43230.0,FASE OPERACIONAL
ELETROBRAS,ELET3,41.75,10.48,"30,42%",271370000.0,FASE OPERACIONAL
ELETROBRAS,ELET5,64.0,10.48,"30,42%",17850.0,FASE OPERACIONAL
ELETROBRAS,ELET6,41.63,10.48,"30,42%",120170000.0,FASE OPERACIONAL
ELETROMIDIA,ELMD3,17.0,-22.26,"-47,08%",5720000.0,FASE OPERACIONAL
EMAE,EMAE4,88.01,11.75,"36,45%",344050.0,FASE OPERACIONAL
EMBRAER,EMBR3,16.66,-14.22,"-7,78%",199570000.0,FASE OPERACIONAL
ENAUTA PART,ENAT3,14.49,9.81,"34,36%",34060000.0,FASE OPERACIONAL
ENERGIAS BR,ENBR3,18.62,5.64,"20,92%",66660000.0,FASE OPERACIONAL
ENEVA,ENEV3,16.74,23.91,"33,93%",110640000.0,EM RECUPERAÇÃO JUDICIAL OU EQUIVALENTE
ENERGISA,ENGI11,46.0,11.09,"15,04%",78160000.0,FASE OPERACIONAL
ENERGISA,ENGI3,16.74,11.09,"15,04%",346720.0,FASE OPERACIONAL
ENERGISA,ENGI4,7.24,11.09,"15,04%",451640.0,FASE OPERACIONAL
ENJOEI,ENJU3,10.23,-23.78,"-72,02%",27080000.0,FASE OPERACIONAL
ENERGISA MT,ENMT3,56.01,12.63,"22,34%",236670.0,FASE OPERACIONAL
ENERGISA MT,ENMT4,56.0,12.63,"22,34%",71120.0,FASE OPERACIONAL
EQTL PARA,EQPA3,4.5,9.69,"19,46%",223720.0,FASE OPERACIONAL
EQTL PARA,EQPA5,5.56,9.69,"19,46%",9830.0,FASE OPERACIONAL
EQTL PARA,EQPA7,5.38,9.69,"19,46%",10010.0,FASE OPERACIONAL
EQUATORIAL,EQTL3,25.83,7.84,"26,03%",185860000.0,FASE OPERACIONAL
ESPACOLASER,ESPA3,16.99,48.68,"16,41%",20820000.0,FASE OPERACIONAL
ESTRELA,ESTR4,36.7,5.6,"9,71%",20050.0,FASE OPERACIONAL
ETERNIT,ETER3,31.9,5.45,"32,79%",69620000.0,EM RECUPERAÇÃO JUDICIAL OU EQUIVALENTE
EUCATEX,EUCA3,22.21,7.7,"12,10%",204220.0,FASE OPERACIONAL
EUCATEX,EUCA4,11.45,7.7,"12,10%",3210000.0,FASE OPERACIONAL
EVEN,EVEN3,9.7,3.08,"17,09%",15200000.0,FASE OPERACIONAL
EZTEC,EZTC3,29.63,22.22,"28,91%",79450000.0,FASE OPERACIONAL
FERBASA,FESA3,58.2,11.2,"20,50%",44150.0,FASE OPERACIONAL
FERBASA,FESA4,36.67,11.2,"20,50%",16520000.0,FASE OPERACIONAL
FER HERINGER,FHER3,22.16,4.77,"9,95%",20440000.0,EM RECUPERAÇÃO JUDICIAL OU EQUIVALENTE
FLEURY,FLRY3,27.22,18.07,"18,04%",46790000.0,FASE OPERACIONAL
FRAS-LE,FRAS3,11.46,9.53,"16,16%",3200000.0,FASE OPERACIONAL
METALFRIO,FRIO3,70.99,16.69,"4,39%",30520.0,FASE OPERACIONAL
POMIFRUTAS,FRTA3,7.4,67.44,"9,56%",292920.0,EM RECUPERAÇÃO JUDICIAL OU EQUIVALENTE
GER PARANAP,GEPA3,36.61,3.66,"95,97%",11980.0,FASE OPERACIONAL
GER PARANAP,GEPA4,38.0,3.66,"95,97%",33140.0,FASE OPERACIONAL
GAFISA,GFSA3,4.28,85.92,"2,27%",29160000.0,FASE OPERACIONAL
GERDAU,GGBR3,28.5,7.96,"16,26%",4390000.0,FASE OPERACIONAL
GERDAU,GGBR4,33.87,7.96,"16,26%",482830000.0,FASE OPERACIONAL
GRUPO MATEUS,GMAT3,7.8,18.29,"6,77%",33870000.0,FASE OPERACIONAL
INTERMEDICA,GNDI3,84.13,46.75,"10,12%",354620000.0,FASE OPERACIONAL
GERDAU MET,GOAU3,14.21,3.06,"16,23%",1020000.0,FASE OPERACIONAL
GERDAU MET,GOAU4,15.04,3.06,"16,23%",154260000.0,FASE OPERACIONAL
GOL,GOLL4,25.5,-6.58,"-52,17%",175700000.0,FASE OPERACIONAL
CELGPAR,GPAR3,58.5,19.02,"86,08%",2970.0,FASE OPERACIONAL
GPC PART,GPCP3,38.26,5.96,"19,28%",5200000.0,EM RECUPERAÇÃO JUDICIAL OU EQUIVALENTE
GPC PART,GPCP4,29.7,5.96,"19,28%",66520.0,EM RECUPERAÇÃO JUDICIAL OU EQUIVALENTE
GRENDENE,GRND3,9.33,18.69,"17,84%",15750000.0,FASE OPERACIONAL
GENERALSHOPP,GSHP3,42.48,119.59,"16,85%",42750.0,FASE OPERACIONAL
GUARARAPES,GUAR3,18.7,-101.81,"-1,75%",15700000.0,FASE OPERACIONAL
HAGA S/A,HAGA3,3.65,3.85,"27,46%",84150.0,FASE OPERACIONAL
HAGA S/A,HAGA4,3.27,3.85,"27,46%",597020.0,FASE OPERACIONAL
HAPVIDA,HAPV3,15.16,47.99,"13,71%",173200000.0,FASE OPERACIONAL
HELBOR,HBOR3,8.57,25.37,"8,60%",17300000.0,FASE OPERACIONAL
HBR REALTY,HBRE3,15.95,31.45,"78,41%",2490000.0,FASE OPERACIONAL
HIDROVIAS,HBSA3,6.74,37.41,"15,99%",32130000.0,FASE OPERACIONAL
HABITASUL,HBTS5,33.1,6.5,"43,23%",30120.0,FASE OPERACIONAL
HERCULES,HETA4,9.92,-1.91,"-10.655,45%",49060.0,FASE OPERACIONAL
CIA HERING,HGTX3,29.32,53.38,"7,87%",90220000.0,FASE OPERACIONAL
HOTEIS OTHON,HOOT4,2.72,-0.36,"-272,05%",27470.0,FASE OPERACIONAL
HYPERA,HYPE3,35.81,19.31,"32,20%",103830000.0,FASE OPERACIONAL
IGB S/A,IGBR3,13.97,-27.81,"-656,23%",1580000.0,EM RECUPERAÇÃO JUDICIAL OU EQUIVALENTE
IGUATEMI,IGTA3,43.37,26.57,"52,11%",88720000.0,FASE OPERACIONAL
INEPAR,INEP3,53.24,-3.82,"-4.232,60%",1010000.0,EM RECUPERAÇÃO JUDICIAL OU EQUIVALENTE
INEPAR,INEP4,54.41,-3.82,"-4.232,60%",1540000.0,EM RECUPERAÇÃO JUDICIAL OU EQUIVALENTE
INTELBRAS,INTB3,27.39,19.79,"17,62%",30370000.0,FASE OPERACIONAL
JALLESMACHAD,JALL3,8.74,9.79,"40,66%",6840000.0,FASE OPERACIONAL
J B DUARTE,JBDU3,3.26,-3.33,,271120.0,FASE OPERACIONAL
J B DUARTE,JBDU4,2.9,-3.33,,497330.0,FASE OPERACIONAL
JBS,JBSS3,30.09,5.81,"7,91%",416500000.0,FASE OPERACIONAL
JHSF PART,JHSF3,7.35,5.69,"69,99%",41540000.0,FASE OPERACIONAL
JOSAPAR,JOPA3,29.98,6.47,"7,11%",23080.0,FASE OPERACIONAL
JOSAPAR,JOPA4,74.88,6.47,"7,11%",2400.0,FASE OPERACIONAL
JEREISSATI,JPSA3,29.55,13.58,"48,64%",6950000.0,FASE OPERACIONAL
JSL,JSLG3,11.0,21.48,"7,67%",4100000.0,FASE OPERACIONAL
KEPLER WEBER,KEPL3,52.0,11.96,"12,34%",10510000.0,FASE OPERACIONAL
KLABIN S/A,KLBN11,26.06,15.78,"25,45%",224250000.0,FASE OPERACIONAL
KLABIN S/A,KLBN3,5.6,15.78,"25,45%",2180000.0,FASE OPERACIONAL
KLABIN S/A,KLBN4,5.12,15.78,"25,45%",10680000.0,FASE OPERACIONAL
LOJAS AMERIC,LAME3,17.39,29.44,"5,44%",71480000.0,FASE OPERACIONAL
LOJAS AMERIC,LAME4,18.46,29.44,"5,44%",298870000.0,FASE OPERACIONAL
LAVVI,LAVV3,8.0,7.39,"31,04%",11260000.0,FASE OPERACIONAL
LOCAMERICA,LCAM3,26.79,17.61,"17,05%",66860000.0,FASE OPERACIONAL
METAL LEVE,LEVE3,29.89,12.48,"11,29%",13420000.0,FASE OPERACIONAL
LIGHT S/A,LIGT3,17.29,6.91,"12,79%",45070000.0,FASE OPERACIONAL
LINX,LINX3,37.38,-159.21,"-4,79%",29630000.0,FASE OPERACIONAL
ELETROPAR,LIPR3,67.8,33.47,,27060.0,FASE OPERACIONAL
QUERO-QUERO,LJQQ3,19.85,21.35,"10,09%",28990000.0,FASE OPERACIONAL
LE LIS BLANC,LLIS3,3.93,-3.23,"-102,79%",1480000.0,FASE OPERACIONAL
LOG COM PROP,LOGG3,28.81,9.42,"254,89%",12250000.0,FASE OPERACIONAL
LOG-IN,LOGN3,18.8,13.87,"17,68%",15140000.0,FASE OPERACIONAL
LOPES BRASIL,LPSB3,3.88,8.95,"26,03%",4590000.0,FASE OPERACIONAL
LOJAS RENNER,LREN3,44.16,62.41,"8,98%",417870000.0,FASE OPERACIONAL
LUPATECH,LUPA3,8.34,-506.28,"-1,10%",27070000.0,EM RECUPERAÇÃO JUDICIAL OU EQUIVALENTE
TREVISA,LUXM4,71.14,13.57,"14,44%",34340.0,FASE OPERACIONAL
LOCAWEB,LWSA3,22.95,270.45,"7,58%",235820000.0,FASE OPERACIONAL
CEMEPE,MAPT3,37.0,-231.32,,22769.0,FASE OPERACIONAL
CEMEPE,MAPT4,40.0,-231.32,,1440.0,FASE OPERACIONAL
MOBLY,MBLY3,17.0,-36.05,"-5,46%",5150000.0,FASE OPERACIONAL
M.DIASBRANCO,MDIA3,27.49,18.45,"7,44%",36740000.0,FASE OPERACIONAL
MOURA DUBEUX,MDNE3,8.31,-14.25,"-8,39%",2750000.0,FASE OPERACIONAL
IMC S/A,MEAL3,3.81,-2.27,"-50,77%",20610000.0,FASE OPERACIONAL
MELNICK,MELK3,6.15,10.74,"10,28%",3920000.0,FASE OPERACIONAL
MANGELS INDL,MGEL4,15.3,7.66,"16,06%",200360.0,FASE OPERACIONAL
MAGAZ LUIZA,MGLU3,18.53,101.95,"3,68%",724120000.0,FASE OPERACIONAL
MILLS,MILS3,7.83,59.28,"5,78%",15300000.0,FASE OPERACIONAL
MMX MINER,MMXM11,2.1,-746.77,,624060.0,EM RECUPERAÇÃO JUDICIAL OU EQUIVALENTE
MMX MINER,MMXM3,14.0,-746.77,,7090000.0,EM RECUPERAÇÃO JUDICIAL OU EQUIVALENTE
MUNDIAL,MNDL3,39.8,5.21,"10,96%",67570.0,FASE OPERACIONAL
MINUPAR,MNPR3,14.23,2.67,"14,58%",694590.0,FASE OPERACIONAL
MONT ARANHA,MOAR3,300.0,13.9,"226,69%",233000.0,FASE OPERACIONAL
MOSAICO,MOSI3,19.37,37.11,"21,49%",38860000.0,FASE OPERACIONAL
MOVIDA,MOVI3,17.7,16.85,"17,39%",37510000.0,FASE OPERACIONAL
MARFRIG,MRFG3,18.05,3.8,"11,56%",168690000.0,FASE OPERACIONAL
MRV,MRVE3,16.87,16.25,"10,76%",66970000.0,FASE OPERACIONAL
MELHOR SP,MSPA3,48.0,-5.78,"-56,65%",21231.0,FASE OPERACIONAL
METAL IGUACU,MTIG4,54.12,34.15,"2,72%",9720.0,FASE OPERACIONAL
MITRE REALTY,MTRE3,10.85,12.28,"8,85%",9480000.0,FASE OPERACIONAL
METISA,MTSA4,41.67,3.78,"18,82%",190860.0,FASE OPERACIONAL
MULTIPLAN,MULT3,24.52,16.7,"92,51%",159210000.0,FASE OPERACIONAL
WETZEL S/A,MWET3,41.0,1.81,"31,41%",22230.0,EM RECUPERAÇÃO JUDICIAL OU EQUIVALENTE
WETZEL S/A,MWET4,12.61,1.81,"31,41%",213080.0,EM RECUPERAÇÃO JUDICIAL OU EQUIVALENTE
IOCHP-MAXION,MYPK3,17.28,-142.43,"-0,49%",27270000.0,FASE OPERACIONAL
NEOENERGIA,NEOE3,17.44,8.58,"16,39%",34500000.0,FASE OPERACIONAL
NEOGRID,NGRD3,6.46,35.82,"16,52%",28880000.0,FASE OPERACIONAL
NORDON MET,NORD3,20.09,97.98,"106,82%",73260.0,PARALISADA
GRUPO NATURA,NTCO3,50.37,54.7,"3,61%",318760000.0,FASE OPERACIONAL
NUTRIPLANT,NUTR3,240.0,6.72,"6,76%",37750.0,FASE OPERACIONAL
ODONTOPREV,ODPV3,12.95,10.67,"32,09%",17200000.0,FASE OPERACIONAL
OUROFINO S/A,OFSA3,37.68,18.17,"15,28%",1100000.0,FASE OPERACIONAL
OI,OIBR3,1.55,-23.26,"-16,33%",191650000.0,EM RECUPERAÇÃO JUDICIAL OU EQUIVALENTE
OI,OIBR4,2.22,-23.26,"-16,33%",8770000.0,EM RECUPERAÇÃO JUDICIAL OU EQUIVALENTE
OMEGA GER,OMGE3,36.87,22.39,"43,24%",36640000.0,FASE OPERACIONAL
OCEANPACT,OPCT3,8.07,40.36,"6,23%",11510000.0,FASE OPERACIONAL
ORIZON,ORVR3,23.92,28.99,"15,18%",5930000.0,FASE OPERACIONAL
OSX BRASIL,OSXB3,11.5,-7.78,"-4.782,13%",911460.0,FASE OPERACIONAL
IHPARDINI,PARD3,20.9,11.33,"15,19%",9090000.0,FASE OPERACIONAL
PANATLANTICA,PATI3,94.0,6.64,"15,29%",23300.0,FASE OPERACIONAL
PANATLANTICA,PATI4,120.0,6.64,"15,29%",11590.0,FASE OPERACIONAL
P.ACUCAR-CBD,PCAR3,35.38,4.84,"5,73%",273650000.0,FASE OPERACIONAL
PDG REALT,PDGR3,6.33,-3.63,"-130,63%",908820.0,EM RECUPERAÇÃO JUDICIAL OU EQUIVALENTE
PADTEC,PDTC3,7.45,34.11,"10,49%",2020000.0,FASE OPERACIONAL
PAR AL BAHIA,PEAB3,67.0,0.87,"392,53%",15270.0,FASE OPERACIONAL
PAR AL BAHIA,PEAB4,70.0,0.87,"392,53%",9380.0,FASE OPERACIONAL
PETROBRAS,PETR3,25.42,5.18,"45,61%",636770000.0,FASE OPERACIONAL
PETROBRAS,PETR4,25.95,5.18,"45,61%",2100000000.0,FASE OPERACIONAL
PETZ,PETZ3,21.25,70.36,"7,51%",81650000.0,FASE OPERACIONAL
PROFARMA,PFRM3,6.16,9.86,"2,05%",3220000.0,FASE OPERACIONAL
PAGUE MENOS,PGMN3,11.5,15.41,"5,08%",9900000.0,FASE OPERACIONAL
PLASCAR PART,PLAS3,15.5,-4.34,"-18,61%",229180.0,FASE OPERACIONAL
PLANOEPLANO,PLPL3,5.99,7.27,"17,84%",4460000.0,FASE OPERACIONAL
PARANAPANEMA,PMAM3,14.55,-12.69,"-6,18%",9780000.0,FASE OPERACIONAL
DIMED,PNVL3,18.86,35.96,"3,09%",16030000.0,FASE OPERACIONAL
DIMED,PNVL4,18.86,35.96,"3,09%",273280.0,FASE OPERACIONAL
MARCOPOLO,POMO3,2.59,40.5,"2,58%",654350.0,FASE OPERACIONAL
MARCOPOLO,POMO4,2.82,40.5,"2,58%",18570000.0,FASE OPERACIONAL
POSITIVO TEC,POSI3,12.18,6.04,"13,26%",79170000.0,FASE OPERACIONAL
FOCUS ON,POWE3,14.25,18.54,"2,80%",4760000.0,FASE OPERACIONAL
PETRORIO,PRIO3,18.02,12.68,"51,73%",505240000.0,FASE OPERACIONAL
PRINER,PRNR3,8.02,-19.34,"-6,01%",2000000.0,FASE OPERACIONAL
PORTO VM,PSVM11,6.17,-0.021122299999999997,,37310.0,FASE PRÉ-OPERACIONAL
PORTOBELLO,PTBL3,15.37,17.86,"10,80%",43350000.0,FASE OPERACIONAL
PETTENATI,PTNT3,14.18,10.93,"7,68%",602370.0,FASE OPERACIONAL
PETTENATI,PTNT4,5.05,10.93,"7,68%",145270.0,FASE OPERACIONAL
QUALICORP,QUAL3,27.03,12.3,"32,42%",84110000.0,FASE OPERACIONAL
RAIADROGASIL,RADL3,26.8,45.52,"4,78%",146540000.0,FASE OPERACIONAL
RUMO S.A.,RAIL3,19.97,22.28,"30,11%",196820000.0,FASE OPERACIONAL
IRANI,RANI3,7.52,9.92,"18,84%",18110000.0,FASE OPERACIONAL
RANDON PART,RAPT3,12.64,5.28,"20,31%",280520.0,FASE OPERACIONAL
RANDON PART,RAPT4,14.83,5.28,"20,31%",39460000.0,FASE OPERACIONAL
RECRUSUL,RCSL3,7.43,203.28,"3,60%",15060000.0,FASE OPERACIONAL
RECRUSUL,RCSL4,1.65,203.28,"3,60%",4120000.0,FASE OPERACIONAL
RNI,RDNI3,10.94,36.41,"6,91%",432990.0,FASE OPERACIONAL
REDE D OR,RDOR3,74.4,75.52,"13,54%",130230000.0,FASE OPERACIONAL
REDE ENERGIA,REDE3,7.98,10.25,"18,77%",221560.0,FASE OPERACIONAL
LOCALIZA,RENT3,62.88,26.32,"20,13%",335270000.0,FASE OPERACIONAL
RENOVA,RNEW11,13.0,-56.87,"-40,89%",122750.0,FASE OPERACIONAL
RENOVA,RNEW3,4.73,-56.87,"-40,89%",122140.0,FASE OPERACIONAL
RENOVA,RNEW4,4.17,-56.87,"-40,89%",211050.0,FASE OPERACIONAL
INDS ROMI,ROMI3,26.6,17.47,"12,38%",51210000.0,FASE OPERACIONAL
PET MANGUINH,RPMG3,4.78,-1.06,"-20,06%",1170000.0,EM RECUPERAÇÃO JUDICIAL OU EQUIVALENTE
3R PETROLEUM,RRRP3,36.43,-46.05,"-31,79%",53410000.0,FASE OPERACIONAL
ROSSI RESID,RSID3,10.61,-2.99,"-320,37%",2010000.0,FASE OPERACIONAL
RIOSULENSE,RSUL4,237.9,0.88,"28,53%",59330.0,FASE OPERACIONAL
SANEPAR,SAPR11,20.46,5.75,"32,74%",44910000.0,FASE OPERACIONAL
SANEPAR,SAPR3,4.08,5.75,"32,74%",2920000.0,FASE OPERACIONAL
SANEPAR,SAPR4,4.13,5.75,"32,74%",21370000.0,FASE OPERACIONAL
GRUPO SBF,SBFG3,28.75,-79.87,"-3,90%",16870000.0,FASE OPERACIONAL
SABESP,SBSP3,41.56,9.12,"24,93%",151690000.0,FASE OPERACIONAL
SAO CARLOS,SCAR3,40.88,15.07,"64,59%",522870.0,FASE OPERACIONAL
SER EDUCA,SEER3,14.22,5.78,"25,09%",10070000.0,FASE OPERACIONAL
SEQUOIA LOG,SEQL3,21.35,82.04,"3,48%",20920000.0,FASE OPERACIONAL
SPRINGS,SGPS3,11.32,16.92,"4,74%",1230000.0,FASE OPERACIONAL
TIME FOR FUN,SHOW3,4.8,-3.15,"-778,33%",3170000.0,FASE OPERACIONAL
SCHULZ,SHUL4,10.2,10.08,"14,02%",4710000.0,FASE OPERACIONAL
SIMPAR,SIMH3,49.09,15.05,"15,06%",25620000.0,FASE OPERACIONAL
SLC AGRICOLA,SLCE3,48.39,9.07,"25,03%",64230000.0,FASE OPERACIONAL
SARAIVA LIVR,SLED3,1.0,-0.85,"-268,48%",736740.0,EM RECUPERAÇÃO JUDICIAL OU EQUIVALENTE
SARAIVA LIVR,SLED4,0.56,-0.85,"-268,48%",1050000.0,EM RECUPERAÇÃO JUDICIAL OU EQUIVALENTE
SMILES,SMLS3,22.27,11.09,"34,48%",40530000.0,FASE OPERACIONAL
SAO MARTINHO,SMTO3,32.73,10.6,"35,23%",39560000.0,FASE OPERACIONAL
SANSUY,SNSY3,17.88,-6.52,"-5,56%",35940.0,EM RECUPERAÇÃO JUDICIAL OU EQUIVALENTE
SANSUY,SNSY5,6.41,-6.52,"-5,56%",158970.0,EM RECUPERAÇÃO JUDICIAL OU EQUIVALENTE
GRUPO SOMA,SOMA3,13.41,-169.79,"-2,87%",34310000.0,FASE OPERACIONAL
SONDOTECNICA,SOND3,40.2,4.05,"29,16%",42031.0,FASE OPERACIONAL
SONDOTECNICA,SOND5,52.74,4.05,"29,16%",3930.0,FASE OPERACIONAL
SONDOTECNICA,SOND6,58.0,4.05,"29,16%",97274.0,FASE OPERACIONAL
SINQIA,SQIA3,22.44,117.71,"5,62%",14910000.0,FASE OPERACIONAL
SANTOS BRP,STBP3,8.27,54.29,"11,70%",45550000.0,FASE OPERACIONAL
SUZANO S.A.,SUZB3,64.85,14.47,"33,06%",540890000.0,FASE OPERACIONAL
TAESA,TAEE11,39.52,5.49,"91,56%",94090000.0,FASE OPERACIONAL
TAESA,TAEE3,13.1,5.49,"91,56%",1390000.0,FASE OPERACIONAL
TAESA,TAEE4,13.16,5.49,"91,56%",3440000.0,FASE OPERACIONAL
TAURUS ARMAS,TASA3,24.28,5.31,"27,98%",2710000.0,FASE OPERACIONAL
TAURUS ARMAS,TASA4,24.15,5.31,"27,98%",65640000.0,FASE OPERACIONAL
TECNOSOLO,TCNO3,2.52,-67.64,,227210.0,EM RECUPERAÇÃO JUDICIAL OU EQUIVALENTE
TECNOSOLO,TCNO4,1.96,-67.64,,350050.0,EM RECUPERAÇÃO JUDICIAL OU EQUIVALENTE
TECNISA,TCSA3,7.77,-8.24,"-61,48%",11050000.0,FASE OPERACIONAL
TECHNOS,TECN3,2.22,63.66,"1,32%",5200000.0,FASE OPERACIONAL
TEKA,TEKA3,49.0,149.43,"2,48%",7550.0,EM RECUPERAÇÃO JUDICIAL OU EQUIVALENTE
TEKA,TEKA4,17.35,149.43,"2,48%",122610.0,EM RECUPERAÇÃO JUDICIAL OU EQUIVALENTE
TELEBRAS,TELB3,72.0,-34.74,"-36,52%",53840.0,FASE OPERACIONAL
TELEBRAS,TELB4,30.34,-34.74,"-36,52%",238680.0,FASE OPERACIONAL
TENDA,TEND3,23.85,8.6,"11,89%",27580000.0,FASE OPERACIONAL
TERRA SANTA,TESA3,44.17,8.91,"16,93%",1350000.0,FASE OPERACIONAL
TRACK FIELD,TFCO4,12.8,19.05,"17,33%",2020000.0,FASE OPERACIONAL
TEGMA,TGMA3,22.6,13.48,"11,29%",11350000.0,FASE OPERACIONAL
TIM,TIMS3,11.9,7.93,"15,77%",70200000.0,FASE OPERACIONAL
TEKNO,TKNO4,59.0,1.85,"15,14%",4220.0,FASE OPERACIONAL
TOTVS,TOTS3,30.88,39.23,"15,98%",143850000.0,FASE OPERACIONAL
TRIUNFO PART,TPIS3,3.22,12.39,"19,26%",13660000.0,EM RECUPERAÇÃO EXTRAJUDICIAL
TRISUL,TRIS3,10.08,9.39,"23,01%",13270000.0,FASE OPERACIONAL
TRAN PAULIST,TRPL3,30.45,4.98,"116,52%",178780.0,FASE OPERACIONAL
TRAN PAULIST,TRPL4,26.59,4.98,"116,52%",45660000.0,FASE OPERACIONAL
TUPY,TUPY3,26.33,17.65,"5,65%",31760000.0,FASE OPERACIONAL
TEX RENAUX,TXRX3,36.99,23.13,"14,19%",15060.0,FASE OPERACIONAL
TEX RENAUX,TXRX4,9.55,23.13,"14,19%",49540.0,FASE OPERACIONAL
UNICASA,UCAS3,4.94,10.9,"14,51%",703350.0,FASE OPERACIONAL
ULTRAPAR,UGPA3,19.34,18.47,"2,23%",132720000.0,FASE OPERACIONAL
UNIPAR,UNIP3,78.5,6.05,"27,88%",1950000.0,FASE OPERACIONAL
UNIPAR,UNIP5,83.5,6.05,"27,88%",80170.0,FASE OPERACIONAL
UNIPAR,UNIP6,86.29,6.05,"27,88%",27870000.0,FASE OPERACIONAL
USIMINAS,USIM3,20.79,5.67,"24,81%",12980000.0,FASE OPERACIONAL
USIMINAS,USIM5,19.88,5.67,"24,81%",429070000.0,FASE OPERACIONAL
USIMINAS,USIM6,27.0,5.67,"24,81%",6080.0,FASE OPERACIONAL
VALE,VALE3,109.4,6.92,"34,21%",2740000000.0,FASE OPERACIONAL
VAMOS,VAMO3,48.14,29.94,"24,23%",21140000.0,FASE OPERACIONAL
VIVARA S.A.,VIVA3,27.57,34.34,"17,58%",26830000.0,FASE OPERACIONAL
VIVER,VIVR3,2.76,-3.51,"-234,87%",7980000.0,EM RECUPERAÇÃO JUDICIAL OU EQUIVALENTE
TELEF BRASIL,VIVT3,43.83,12.57,"14,76%",117760000.0,FASE OPERACIONAL
VALID,VLID3,9.91,-13.61,"-6,19%",7320000.0,FASE OPERACIONAL
VULCABRAS,VULC3,8.46,42.52,"4,18%",4900000.0,FASE OPERACIONAL
VIAVAREJO,VVAR3,11.87,16.47,"5,38%",531760000.0,FASE OPERACIONAL
WEG,WEGE3,31.71,41.05,"16,94%",416380000.0,FASE OPERACIONAL
WHIRLPOOL,WHRL3,7.07,8.41,"10,92%",95130.0,FASE OPERACIONAL
WHIRLPOOL,WHRL4,8.0,8.41,"10,92%",222480.0,FASE OPERACIONAL
WIZ S.A.,WIZS3,11.65,4.58,"40,75%",28660000.0,FASE OPERACIONAL
WLM IND COM,WLMM3,22.0,8.61,"8,02%",9200.0,FASE OPERACIONAL
WLM IND COM,WLMM4,30.0,8.61,"8,02%",35760.0,FASE OPERACIONAL
YDUQS PART,YDUQ3,30.07,46.02,"6,74%",80140000.0,FASE OPERACIONAL
